COUNTRY,year,pbipc
Austria,1950,9024.295616
Austria,1951,9641.063583
Austria,1952,9660.185711
Austria,1953,10073.71026
Austria,1954,11090.84938
Austria,1955,12304.8972
Austria,1956,13141.04074
Austria,1957,13918.86499
Austria,1958,14382.7404
Austria,1959,14734.63573
Austria,1960,15872.65062
Austria,1961,16623.69488
Austria,1962,16922.38357
Austria,1963,17498.46675
Austria,1964,18425.48236
Austria,1965,18832.61308
Austria,1966,19753.52545
Austria,1967,20202.55782
Austria,1968,20991.09529
Austria,1969,22234.23084
Austria,1970,23735.03383
Austria,1971,24837.36073
Austria,1972,26226.55881
Austria,1973,27356.27125
Austria,1974,28386.73233
Austria,1975,28359.0148
Austria,1976,29709.45518
Austria,1977,31086.96581
Austria,1978,30999.12518
Austria,1979,32745.99906
Austria,1980,33503.61292
Austria,1981,33403.15512
Austria,1982,33995.31338
Austria,1983,35049.27849
Austria,1984,35159.90859
Austria,1985,35922.15864
Austria,1986,36721.7149
Austria,1987,37286.28757
Austria,1988,38361.9306
Austria,1989,39836.35706
Austria,1990,41138.30219
Austria,1991,42034.50077
Austria,1992,42391.03023
Austria,1993,42221.56799
Austria,1994,43026.0658
Austria,1995,44064.78379
Austria,1996,45039.25325
Austria,1997,45930.14546
Austria,1998,47522.91262
Austria,1999,49117.35985
Austria,2000,50653.4178
Austria,2001,51099.34185
Austria,2002,51687.28653
Austria,2003,51941.70374
Austria,2004,53028.01387
Austria,2005,53849.92395
Austria,2006,55422.39914
Austria,2007,57299.44583
Austria,2008,57952.1696
Austria,2009,55637.19404
Austria,2010,56526.55903
Austria,2011,57988.25617
Austria,2012,58121.07943
Austria,2013,57786.69421
Austria,2014,57714.71639
Austria,2015,57721.98831
Austria,2016,58127.44389
Austria,2017,59066.817
Austria,2018,60252.32597
Austria,2019,60875.76826
Austria,2020,56526.41398
Austria,2021,58807.91446
Austria,2022,60365.6723
Belgium,1950,12431.26654
Belgium,1951,13079.24463
Belgium,1952,12900.16855
Belgium,1953,13241.35696
Belgium,1954,13721.46661
Belgium,1955,14292.97008
Belgium,1956,14616.67357
Belgium,1957,14780.94535
Belgium,1958,14660.76687
Belgium,1959,15039.58772
Belgium,1960,15822.04635
Belgium,1961,16506.49989
Belgium,1962,17258.13664
Belgium,1963,17893.93516
Belgium,1964,18982.50887
Belgium,1965,19480.06432
Belgium,1966,19972.92552
Belgium,1967,20646.31797
Belgium,1968,21428.50919
Belgium,1969,22800.13102
Belgium,1970,24148.85466
Belgium,1971,24965.27474
Belgium,1972,26178.21119
Belgium,1973,27697.25956
Belgium,1974,28773.75384
Belgium,1975,28313.60743
Belgium,1976,29864.67369
Belgium,1977,30018.59789
Belgium,1978,30846.96558
Belgium,1979,31545.0388
Belgium,1980,32926.0134
Belgium,1981,32496.58684
Belgium,1982,32942.06497
Belgium,1983,32940.75645
Belgium,1984,33757.13133
Belgium,1985,34086.56602
Belgium,1986,34582.75389
Belgium,1987,35369.11409
Belgium,1988,36986.79964
Belgium,1989,38106.98208
Belgium,1990,39138.08286
Belgium,1991,39715.34716
Belgium,1992,40158.27216
Belgium,1993,39614.98223
Belgium,1994,40741.91809
Belgium,1995,41579.93404
Belgium,1996,42046.4361
Belgium,1997,43538.65633
Belgium,1998,44297.08026
Belgium,1999,45763.25088
Belgium,2000,47348.36933
Belgium,2001,47701.5003
Belgium,2002,48299.72973
Belgium,2003,48598.83212
Belgium,2004,50117.04156
Belgium,2005,50996.7954
Belgium,2006,51956.30074
Belgium,2007,53471.26463
Belgium,2008,53288.98626
Belgium,2009,51796.23529
Belgium,2010,52790.84585
Belgium,2011,52994.75029
Belgium,2012,53054.84379
Belgium,2013,53050.12753
Belgium,2014,53647.16515
Belgium,2015,54426.73422
Belgium,2016,54838.89136
Belgium,2017,55511.49165
Belgium,2018,56264.15119
Belgium,2019,57163.42846
Belgium,2020,53671.23854
Belgium,2021,56817.5403
Belgium,2022,57949.40553
Cyprus,1950,4311.777114
Cyprus,1951,4155.80196
Cyprus,1952,4508.909091
Cyprus,1953,4892.866095
Cyprus,1954,4911.357364
Cyprus,1955,5021.222491
Cyprus,1956,5510.564537
Cyprus,1957,5748.821097
Cyprus,1958,5468.242227
Cyprus,1959,5700.687479
Cyprus,1960,5223.142979
Cyprus,1961,5746.11558
Cyprus,1962,6292.063423
Cyprus,1963,6609.036778
Cyprus,1964,5934.066942
Cyprus,1965,7208.772187
Cyprus,1966,7594.709055
Cyprus,1967,8564.376269
Cyprus,1968,8886.266945
Cyprus,1969,9631.950845
Cyprus,1970,9846.299693
Cyprus,1971,11029.62431
Cyprus,1972,11668.75116
Cyprus,1973,11822.88208
Cyprus,1974,9718.877447
Cyprus,1975,8260.93301
Cyprus,1976,9939.409419
Cyprus,1977,11511.03942
Cyprus,1978,12337.3559
Cyprus,1979,13463.38408
Cyprus,1980,14122.71948
Cyprus,1981,14391.08927
Cyprus,1982,15139.68928
Cyprus,1983,15755.65405
Cyprus,1984,16928.82263
Cyprus,1985,17520.68869
Cyprus,1986,18112.45808
Cyprus,1987,19114.46296
Cyprus,1988,20543.99816
Cyprus,1989,21983.96363
Cyprus,1990,23324.31255
Cyprus,1991,22847.5383
Cyprus,1992,24282.31635
Cyprus,1993,23809.75646
Cyprus,1994,24622.89568
Cyprus,1995,26487.15937
Cyprus,1996,26394.13864
Cyprus,1997,26709.447
Cyprus,1998,27995.24818
Cyprus,1999,29066.92725
Cyprus,2000,30476.94632
Cyprus,2001,31342.8764
Cyprus,2002,32138.11896
Cyprus,2003,32581.7152
Cyprus,2004,33764.88627
Cyprus,2005,34897.255
Cyprus,2006,35937.43009
Cyprus,2007,36974.02885
Cyprus,2008,37372.4242
Cyprus,2009,35648.94002
Cyprus,2010,35428.336
Cyprus,2011,34674.71296
Cyprus,2012,32973.15899
Cyprus,2013,30884.25653
Cyprus,2014,30654.92445
Cyprus,2015,31873.08802
Cyprus,2016,33774.90091
Cyprus,2017,35420.45323
Cyprus,2018,36983.03103
Cyprus,2019,38412.41344
Cyprus,2020,36086.49791
Cyprus,2021,37722.70381
Cyprus,2022,38261.08524
Denmark,1950,15886.21782
Denmark,1951,15871.07402
Denmark,1952,15913.97881
Denmark,1953,16683.57294
Denmark,1954,16865.98019
Denmark,1955,16921.00216
Denmark,1956,17020.30241
Denmark,1957,18224.58964
Denmark,1958,18522.32981
Denmark,1959,19762.30129
Denmark,1960,20161.97092
Denmark,1961,21306.07921
Denmark,1962,22302.51458
Denmark,1963,22266.5916
Denmark,1964,24160.90752
Denmark,1965,25061.8222
Denmark,1966,25534.18926
Denmark,1967,26167.39175
Denmark,1968,27083.15008
Denmark,1969,28670.61106
Denmark,1970,29025.26201
Denmark,1971,29592.77157
Denmark,1972,30976.52582
Denmark,1973,31907.93089
Denmark,1974,31463.5774
Denmark,1975,31165.90804
Denmark,1976,32929.48615
Denmark,1977,33441.05145
Denmark,1978,34079.54472
Denmark,1979,35311.27757
Denmark,1980,35098.01817
Denmark,1981,34874.12446
Denmark,1982,36185.66808
Denmark,1983,37150.57359
Denmark,1984,38718.59279
Denmark,1985,40252.47415
Denmark,1986,42170.09681
Denmark,1987,42223.80394
Denmark,1988,42197.55168
Denmark,1989,42444.34154
Denmark,1990,43000.45282
Denmark,1991,43481.29151
Denmark,1992,44186.4771
Denmark,1993,44037.90684
Denmark,1994,46234.73937
Denmark,1995,47415.94517
Denmark,1996,48494.33874
Denmark,1997,49857.75976
Denmark,1998,50790.69663
Denmark,1999,52111.13928
Denmark,2000,53891.49209
Denmark,2001,54142.38841
Denmark,2002,54202.63503
Denmark,2003,54272.72386
Denmark,2004,55586.76938
Denmark,2005,56717.67485
Denmark,2006,58741.92226
Denmark,2007,59026.32812
Denmark,2008,58371.30865
Denmark,2009,55205.78824
Denmark,2010,55995.35654
Denmark,2011,56509.57847
Denmark,2012,56424.84244
Denmark,2013,56728.25702
Denmark,2014,57340.44087
Denmark,2015,58280.90153
Denmark,2016,59679.02695
Denmark,2017,60979.82411
Denmark,2018,61881.75482
Denmark,2019,62940.4955
Denmark,2020,61505.1299
Denmark,2021,64127.84041
Denmark,2022,65864.66566
Finland,1950,9091.731584
Finland,1951,9771.287246
Finland,1952,9992.086356
Finland,1953,9943.244116
Finland,1954,10691.20859
Finland,1955,11108.60161
Finland,1956,11319.17377
Finland,1957,11735.42195
Finland,1958,11701.81534
Finland,1959,12298.60062
Finland,1960,13317.87928
Finland,1961,14231.81971
Finland,1962,14576.07319
Finland,1963,14950.2097
Finland,1964,15618.71345
Finland,1965,16394.36884
Finland,1966,16725.47476
Finland,1967,16986.47501
Finland,1968,17299.41259
Finland,1969,18976.51002
Finland,1970,20471.30523
Finland,1971,20872.8047
Finland,1972,22332.43086
Finland,1973,23695.27775
Finland,1974,24285.65673
Finland,1975,24456.67724
Finland,1976,24279.47429
Finland,1977,24271.19149
Finland,1978,24708.05237
Finland,1979,26359.64436
Finland,1980,27679.40885
Finland,1981,27924.28056
Finland,1982,28631.32447
Finland,1983,29348.208
Finland,1984,30137.03953
Finland,1985,31079.27629
Finland,1986,31834.37436
Finland,1987,32876.50392
Finland,1988,34487.49713
Finland,1989,36126.47595
Finland,1990,36193.6515
Finland,1991,33877.69771
Finland,1992,32577.65704
Finland,1993,32206.13684
Finland,1994,33338.3746
Finland,1995,34611.56704
Finland,1996,35763.20713
Finland,1997,37915.91376
Finland,1998,39878.75785
Finland,1999,41528.57834
Finland,2000,43835.37155
Finland,2001,44877.17822
Finland,2002,45532.71403
Finland,2003,46334.61388
Finland,2004,48044.24715
Finland,2005,49211.31864
Finland,2006,50996.89754
Finland,2007,53471.95389
Finland,2008,53640.65156
Finland,2009,49073.95029
Finland,2010,50406.1144
Finland,2011,51451.42602
Finland,2012,50491.54468
Finland,2013,49806.27593
Finland,2014,49411.04109
Finland,2015,49516.50226
Finland,2016,50771.53013
Finland,2017,52269.66437
Finland,2018,52789.88552
Finland,2019,53382.06268
Finland,2020,52068.85908
Finland,2021,53745.85501
Finland,2022,54837.05385
France,1950,10644.2854
France,1951,11209.26783
France,1952,11420.99416
France,1953,11666.64649
France,1954,12141.27892
France,1955,12723.4027
France,1956,13235.87617
France,1957,13878.9846
France,1958,14070.67158
France,1959,14324.37945
France,1960,15184.00507
France,1961,15842.55668
France,1962,16558.15556
France,1963,17164.91005
France,1964,18102.24437
France,1965,18812.59204
France,1966,19589.94024
France,1967,20335.12486
France,1968,21073.70167
France,1969,22343.30702
France,1970,23419.92678
France,1971,24312.52919
France,1972,25171.70101
France,1973,26322.93834
France,1974,26914.30436
France,1975,26595.48007
France,1976,27649.63966
France,1977,28492.29703
France,1978,29504.33834
France,1979,30421.36567
France,1980,30748.00279
France,1981,30914.5873
France,1982,31519.56961
France,1983,31778.31687
France,1984,32077.53971
France,1985,32457.28583
France,1986,33078.29431
France,1987,33768.56842
France,1988,35205.93455
France,1989,36375.63603
France,1990,37215.89134
France,1991,37418.42448
France,1992,37828.85569
France,1993,37428.19247
France,1994,38168.78216
France,1995,38832.12737
France,1996,39241.07512
France,1997,40015.19655
France,1998,41298.9734
France,1999,42492.35753
France,2000,43857.98206
France,2001,44403.55884
France,2002,44582.20918
France,2003,44632.1262
France,2004,45558.36626
France,2005,45969.29085
France,2006,46768.71616
France,2007,47607.84681
France,2008,47463.73389
France,2009,45864.07799
France,2010,46528.73333
France,2011,47316.79294
France,2012,47232.87816
France,2013,47260.3375
France,2014,47481.27061
France,2015,47815.72658
France,2016,48158.70248
France,2017,49053.03555
France,2018,49762.52804
France,2019,50506.51757
France,2020,46409.39489
France,2021,49502.44889
France,2022,50883.18999
Germany,1950,9895.108471
Germany,1951,10723.56943
Germany,1952,11607.78157
Germany,1953,12506.51502
Germany,1954,13377.77911
Germany,1955,14780.55518
Germany,1956,15748.58344
Germany,1957,16553.21569
Germany,1958,17176.74848
Germany,1959,18298.42228
Germany,1960,19646.05385
Germany,1961,20275.64467
Germany,1962,20963.96599
Germany,1963,21380.59189
Germany,1964,22494.37856
Germany,1965,23420.87834
Germany,1966,23935.58661
Germany,1967,23958.74308
Germany,1968,25151.41485
Germany,1969,26619.81518
Germany,1970,27636.59735
Germany,1971,28242.4673
Germany,1972,29272.7515
Germany,1973,30510.92652
Germany,1974,30757.14388
Germany,1975,30699.96953
Germany,1976,32340.03907
Germany,1977,33329.46479
Germany,1978,34307.06533
Germany,1979,35678.75645
Germany,1980,35986.58131
Germany,1981,36074.71914
Germany,1982,35796.90997
Germany,1983,36534.32443
Germany,1984,37692.72301
Germany,1985,38601.89174
Germany,1986,39441.38696
Germany,1987,40033.83338
Germany,1988,41203.48807
Germany,1989,42218.28553
Germany,1990,40613.81914
Germany,1991,42326.99439
Germany,1992,42858.54831
Germany,1993,42206.04761
Germany,1994,43108.52654
Germany,1995,43687.50698
Germany,1996,43954.13761
Germany,1997,44717.7143
Germany,1998,45654.14647
Germany,1999,46529.46969
Germany,2000,47864.06707
Germany,2001,48633.06464
Germany,2002,48500.49068
Germany,2003,48178.057
Germany,2004,48799.84388
Germany,2005,49228.83423
Germany,2006,51210.88148
Germany,2007,52853.00172
Germany,2008,53510.96499
Germany,2009,50640.32975
Germany,2010,52887.80588
Germany,2011,54969.91467
Germany,2012,55096.32591
Germany,2013,55186.46258
Germany,2014,56171.10739
Germany,2015,56517.82116
Germany,2016,57313.69215
Germany,2017,58630.54395
Germany,2018,59089.28164
Germany,2019,59578.59023
Germany,2020,56809.58666
Germany,2021,58428.27087
Germany,2022,59508.9177
Greece,1950,5130.498755
Greece,1951,5523.64764
Greece,1952,5500.762137
Greece,1953,6187.185125
Greece,1954,6318.112975
Greece,1955,6734.129466
Greece,1956,7249.340538
Greece,1957,7659.521445
Greece,1958,7938.510793
Greece,1959,8145.17731
Greece,1960,8427.482012
Greece,1961,9089.366138
Greece,1962,9374.692859
Greece,1963,10289.40415
Greece,1964,11094.57155
Greece,1965,12079.92583
Greece,1966,12723.29151
Greece,1967,13263.27739
Greece,1968,14107.5742
Greece,1969,15448.07703
Greece,1970,16638.94748
Greece,1971,17746.12895
Greece,1972,19825.0935
Greece,1973,20509.37378
Greece,1974,19690.53612
Greece,1975,20686.71719
Greece,1976,21712.9243
Greece,1977,22116.41378
Greece,1978,23293.50828
Greece,1979,23853.9625
Greece,1980,24034.79687
Greece,1981,23833.47766
Greece,1982,23787.9706
Greece,1983,23752.33852
Greece,1984,24290.87909
Greece,1985,24957.69007
Greece,1986,25290.73339
Greece,1987,25115.5413
Greece,1988,26212.06798
Greece,1989,27089.44321
Greece,1990,26832.26328
Greece,1991,27311.2788
Greece,1992,27256.02806
Greece,1993,26635.82114
Greece,1994,27010.01757
Greece,1995,27426.57173
Greece,1996,28087.48284
Greece,1997,29202.48821
Greece,1998,30172.19501
Greece,1999,30980.38282
Greece,2000,32063.36711
Greece,2001,33214.89922
Greece,2002,34391.66592
Greece,2003,36297.67977
Greece,2004,38040.46184
Greece,2005,38156.2661
Greece,2006,40192.15972
Greece,2007,41402.34692
Greece,2008,41154.20994
Greece,2009,39280.88971
Greece,2010,37080.89338
Greece,2011,33366.57669
Greece,2012,31170.28328
Greece,2013,30607.17758
Greece,2014,30958.52
Greece,2015,31101.71895
Greece,2016,31079.34624
Greece,2017,31480.98868
Greece,2018,32071.25931
Greece,2019,32684.1589
Greece,2020,29768.43546
Greece,2021,32373.31204
Greece,2022,33269.28841
Iceland,1950,11420.43631
Iceland,1951,10858.21613
Iceland,1952,11857.93689
Iceland,1953,11942.82427
Iceland,1954,12695.95461
Iceland,1955,13568.48911
Iceland,1956,13873.98479
Iceland,1957,13545.73413
Iceland,1958,14203.90271
Iceland,1959,14384.28307
Iceland,1960,14727.69081
Iceland,1961,14417.15058
Iceland,1962,15368.12071
Iceland,1963,16620.22088
Iceland,1964,17991.54746
Iceland,1965,18950.80039
Iceland,1966,20238.87368
Iceland,1967,19678.5406
Iceland,1968,18341.53185
Iceland,1969,18654.65071
Iceland,1970,19931.90803
Iceland,1971,22317.54076
Iceland,1972,23339.57386
Iceland,1973,24563.68359
Iceland,1974,25608.93569
Iceland,1975,25448.19262
Iceland,1976,26713.61253
Iceland,1977,28847.22713
Iceland,1978,30344.28722
Iceland,1979,31505.59417
Iceland,1980,32965.89293
Iceland,1981,33980.80831
Iceland,1982,34240.23515
Iceland,1983,33068.49004
Iceland,1984,34079.9156
Iceland,1985,34929.13677
Iceland,1986,36877.27349
Iceland,1987,39750.25388
Iceland,1988,38887.34424
Iceland,1989,38506.48456
Iceland,1990,38653.96997
Iceland,1991,38250.4165
Iceland,1992,36648.66885
Iceland,1993,36809.13706
Iceland,1994,37448.80687
Iceland,1995,37288.97795
Iceland,1996,38774.50187
Iceland,1997,40709.62946
Iceland,1998,43244.07051
Iceland,1999,44437.12333
Iceland,2000,45988.71327
Iceland,2001,47180.12285
Iceland,2002,47031.69008
Iceland,2003,47757.14036
Iceland,2004,50902.70508
Iceland,2005,53417.75407
Iceland,2006,55224.43983
Iceland,2007,58527.99935
Iceland,2008,58322.83545
Iceland,2009,53886.82603
Iceland,2010,52557.91978
Iceland,2011,53360.22512
Iceland,2012,53641.9172
Iceland,2013,55547.00813
Iceland,2014,55863.12045
Iceland,2015,57741.93753
Iceland,2016,60539.95875
Iceland,2017,61610.04881
Iceland,2018,62918.08426
Iceland,2019,63030.62213
Iceland,2020,57630.85897
Iceland,2021,59375.31666
Iceland,2022,60481.15353
Ireland,1950,11044.34208
Ireland,1951,11335.95531
Ireland,1952,11650.54918
Ireland,1953,11984.4239
Ireland,1954,12135.26939
Ireland,1955,12539.23215
Ireland,1956,12465.05281
Ireland,1957,12519.92753
Ireland,1958,12376.91214
Ireland,1959,12916.73201
Ireland,1960,13696.70757
Ireland,1961,14420.41255
Ireland,1962,14828.71281
Ireland,1963,15421.60355
Ireland,1964,15947.06758
Ireland,1965,16157.45683
Ireland,1966,16250.16252
Ireland,1967,17118.38464
Ireland,1968,18454.5217
Ireland,1969,19477.21841
Ireland,1970,19829.38647
Ireland,1971,20322.52202
Ireland,1972,21311.47105
Ireland,1973,21963.89856
Ireland,1974,22525.7566
Ireland,1975,23401.62769
Ireland,1976,23357.55851
Ireland,1977,24934.36936
Ireland,1978,26387.73178
Ireland,1979,26760.80492
Ireland,1980,27318.11366
Ireland,1981,27879.0511
Ireland,1982,28215.44425
Ireland,1983,27954.63805
Ireland,1984,28964.791
Ireland,1985,29765.68895
Ireland,1986,29634.10261
Ireland,1987,31020.69438
Ireland,1988,32735.15301
Ireland,1989,34799.89641
Ireland,1990,37799.88976
Ireland,1991,38174.95455
Ireland,1992,39241.26718
Ireland,1993,39918.3114
Ireland,1994,42068.96665
Ireland,1995,45870.56577
Ireland,1996,48050.92421
Ireland,1997,50781.66869
Ireland,1998,52987.18638
Ireland,1999,55257.28529
Ireland,2000,57984.00735
Ireland,2001,58882.83223
Ireland,2002,59415.15424
Ireland,2003,60514.53789
Ireland,2004,62963.11344
Ireland,2005,64670.82012
Ireland,2006,65741.1531
Ireland,2007,68271.23892
Ireland,2008,65505.16432
Ireland,2009,59160.5944
Ireland,2010,59162.77093
Ireland,2011,59586.25021
Ireland,2012,57704.74636
Ireland,2013,58755.93949
Ireland,2014,61888.03703
Ireland,2015,65030.75708
Ireland,2016,65511.29534
Ireland,2017,67590.9905
Ireland,2018,70592.69307
Ireland,2019,72218.44134
Ireland,2020,65268.39281
Ireland,2021,67945.1561
Ireland,2022,69868.67713
Italy,1950,8666.73713
Italy,1951,9252.280587
Italy,1952,9893.082123
Italy,1953,10542.47869
Italy,1954,11010.77336
Italy,1955,11571.51637
Italy,1956,12024.9675
Italy,1957,12667.30197
Italy,1958,13265.31968
Italy,1959,13990.75668
Italy,1960,14641.90533
Italy,1961,15772.7026
Italy,1962,16895.50267
Italy,1963,17973.44903
Italy,1964,18529.44043
Italy,1965,18805.08824
Italy,1966,19656.40812
Italy,1967,20921.79044
Italy,1968,22534.55273
Italy,1969,23675.53389
Italy,1970,24052.02359
Italy,1971,24351.35782
Italy,1972,24897.86529
Italy,1973,26317.88904
Italy,1974,27337.86344
Italy,1975,26584.69796
Italy,1976,28177.03865
Italy,1977,28877.13472
Italy,1978,29857.36504
Italy,1979,31479.72685
Italy,1980,32542.97243
Italy,1981,32667.50749
Italy,1982,32797.9348
Italy,1983,33142.07911
Italy,1984,33953.37245
Italy,1985,34886.3284
Italy,1986,35875.25285
Italy,1987,36988.83404
Italy,1988,38416.86904
Italy,1989,39521.64999
Italy,1990,40372.82546
Italy,1991,40993.00255
Italy,1992,41193.91952
Italy,1993,40715.54324
Italy,1994,41510.2506
Italy,1995,42636.69509
Italy,1996,43164.66068
Italy,1997,43931.40972
Italy,1998,44714.02721
Italy,1999,45433.29102
Italy,2000,47132.46435
Italy,2001,48020.4007
Italy,2002,48049.585
Italy,2003,47856.83301
Italy,2004,48178.03879
Italy,2005,48289.39819
Italy,2006,48957.80731
Italy,2007,49384.54863
Italy,2008,48533.62516
Italy,2009,45704.83143
Italy,2010,46282.80385
Italy,2011,46449.13364
Italy,2012,44941.44416
Italy,2013,44025.97793
Italy,2014,44017.33436
Italy,2015,44427.01958
Italy,2016,45087.30527
Italy,2017,45925.54894
Italy,2018,46447.57218
Italy,2019,46795.66287
Italy,2020,42779.89179
Italy,2021,45876.18146
Italy,2022,47340.08467
Luxembourg,1950,26770.9805
Luxembourg,1951,24685.99816
Luxembourg,1952,26335.56035
Luxembourg,1953,26524.36343
Luxembourg,1954,26489.77641
Luxembourg,1955,27648.62045
Luxembourg,1956,28699.95042
Luxembourg,1957,29935.21714
Luxembourg,1958,30199.89658
Luxembourg,1959,30778.23348
Luxembourg,1960,31755.94544
Luxembourg,1961,32715.93571
Luxembourg,1962,32755.16361
Luxembourg,1963,33548.32282
Luxembourg,1964,35743.82879
Luxembourg,1965,36022.60787
Luxembourg,1966,36184.52683
Luxembourg,1967,36149.5651
Luxembourg,1968,37567.4564
Luxembourg,1969,41052.43127
Luxembourg,1970,41545.69242
Luxembourg,1971,42253.44593
Luxembourg,1972,44492.9051
Luxembourg,1973,47662.77816
Luxembourg,1974,49030.56046
Luxembourg,1975,45307.89627
Luxembourg,1976,46222.35645
Luxembourg,1977,46856.42338
Luxembourg,1978,48683.72303
Luxembourg,1979,49696.47888
Luxembourg,1980,49925.68034
Luxembourg,1981,50295.31751
Luxembourg,1982,50033.55447
Luxembourg,1983,51501.36319
Luxembourg,1984,54634.08043
Luxembourg,1985,56090.28193
Luxembourg,1986,60130.68052
Luxembourg,1987,61093.64171
Luxembourg,1988,66732.40838
Luxembourg,1989,72916.94188
Luxembourg,1990,73448.33702
Luxembourg,1991,78935.14716
Luxembourg,1992,79282.34831
Luxembourg,1993,81464.72058
Luxembourg,1994,83389.29486
Luxembourg,1995,83355.20958
Luxembourg,1996,83511.00555
Luxembourg,1997,86906.98007
Luxembourg,1998,91541.14053
Luxembourg,1999,97615.04443
Luxembourg,2000,103040.497
Luxembourg,2001,105035.3107
Luxembourg,2002,107260.5049
Luxembourg,2003,108704.5685
Luxembourg,2004,111760.2907
Luxembourg,2005,112767.0325
Luxembourg,2006,117724.2136
Luxembourg,2007,125201.295
Luxembourg,2008,122649.0356
Luxembourg,2009,116535.0569
Luxembourg,2010,118696.8809
Luxembourg,2011,117191.0734
Luxembourg,2012,116419.171
Luxembourg,2013,117065.7442
Luxembourg,2014,117339.2895
Luxembourg,2015,117669.5186
Luxembourg,2016,120412.3295
Luxembourg,2017,119372.4568
Luxembourg,2018,119398.9754
Luxembourg,2019,120801.7722
Luxembourg,2020,116853.0207
Luxembourg,2021,122961.4686
Luxembourg,2022,122940.499
Malta,1950,2352.845326
Malta,1951,2453.733454
Malta,1952,2543.681659
Malta,1953,2659.137131
Malta,1954,2757.566537
Malta,1955,2886.180733
Malta,1956,3213.571537
Malta,1957,3206.074446
Malta,1958,3372.459295
Malta,1959,3405.158758
Malta,1960,3562.688308
Malta,1961,3529.428073
Malta,1962,3379.76804
Malta,1963,3383.051834
Malta,1964,3502.577514
Malta,1965,3795.226415
Malta,1966,4226.309705
Malta,1967,4505.258631
Malta,1968,4947.0433
Malta,1969,5207.234011
Malta,1970,5814.125797
Malta,1971,5958.652254
Malta,1972,6425.746474
Malta,1973,6642.096942
Malta,1974,7270.635346
Malta,1975,8578.286079
Malta,1976,9991.977341
Malta,1977,11117.86859
Malta,1978,12077.95872
Malta,1979,13072.26277
Malta,1980,13335.45872
Malta,1981,13790.31944
Malta,1982,14239.66237
Malta,1983,14329.43867
Malta,1984,14645.35355
Malta,1985,15211.86353
Malta,1986,15821.74852
Malta,1987,16357.80524
Malta,1988,17587.86271
Malta,1989,18845.83273
Malta,1990,19820.42082
Malta,1991,20851.57978
Malta,1992,21624.26365
Malta,1993,22334.40072
Malta,1994,23361.18874
Malta,1995,24617.6967
Malta,1996,25398.33812
Malta,1997,26538.67353
Malta,1998,27719.35382
Malta,1999,28862.13988
Malta,2000,30620.18357
Malta,2001,30018.74456
Malta,2002,30568.66995
Malta,2003,31603.48461
Malta,2004,31443.2771
Malta,2005,32294.56956
Malta,2006,32986.87002
Malta,2007,34435.49717
Malta,2008,35522.2964
Malta,2009,34858.38306
Malta,2010,36611.4747
Malta,2011,36623.08067
Malta,2012,37787.41931
Malta,2013,39293.35773
Malta,2014,41435.88223
Malta,2015,44350.3543
Malta,2016,44810.478
Malta,2017,48412.00648
Malta,2018,49563.76379
Malta,2019,50440.47557
Malta,2020,45231.0868
Malta,2021,49054.19365
Malta,2022,50029.43335
Netherlands,1950,13677.82227
Netherlands,1951,13800.33881
Netherlands,1952,13875.8623
Netherlands,1953,14882.04104
Netherlands,1954,15725.77096
Netherlands,1955,16630.08553
Netherlands,1956,17157.39129
Netherlands,1957,17452.49024
Netherlands,1958,17030.08778
Netherlands,1959,17577.89405
Netherlands,1960,18929.10323
Netherlands,1961,19222.47334
Netherlands,1962,19765.47231
Netherlands,1963,20144.2495
Netherlands,1964,21585.94204
Netherlands,1965,22425.10582
Netherlands,1966,22751.67678
Netherlands,1967,23687.4083
Netherlands,1968,25020.50601
Netherlands,1969,26414.0163
Netherlands,1970,27682.63073
Netherlands,1971,28519.68974
Netherlands,1972,29216.50136
Netherlands,1973,30545.49522
Netherlands,1974,31345.70245
Netherlands,1975,31086.61109
Netherlands,1976,32210.72474
Netherlands,1977,32817.99685
Netherlands,1978,33501.50887
Netherlands,1979,33944.42378
Netherlands,1980,34108.79769
Netherlands,1981,33593.31462
Netherlands,1982,33040.94288
Netherlands,1983,33612.71046
Netherlands,1984,34516.1796
Netherlands,1985,35239.21773
Netherlands,1986,36025.80396
Netherlands,1987,36476.48676
Netherlands,1988,37471.24192
Netherlands,1989,38889.27553
Netherlands,1990,40244.5433
Netherlands,1991,40910.96612
Netherlands,1992,41311.41235
Netherlands,1993,41553.83811
Netherlands,1994,42484.63803
Netherlands,1995,43589.24565
Netherlands,1996,44908.06248
Netherlands,1997,46609.0575
Netherlands,1998,48484.70816
Netherlands,1999,50587.2797
Netherlands,2000,52332.44363
Netherlands,2001,53149.72096
Netherlands,2002,52925.47259
Netherlands,2003,52759.54603
Netherlands,2004,53618.42894
Netherlands,2005,54590.66767
Netherlands,2006,56390.21588
Netherlands,2007,58389.12762
Netherlands,2008,59424.20824
Netherlands,2009,56954.28835
Netherlands,2010,57423.75358
Netherlands,2011,58042.02607
Netherlands,2012,57231.42132
Netherlands,2013,56990.25462
Netherlands,2014,57592.3833
Netherlands,2015,58460.73904
Netherlands,2016,59426.3069
Netherlands,2017,60795.58974
Netherlands,2018,61866.17162
Netherlands,2019,62665.08945
Netherlands,2020,59949.41271
Netherlands,2021,62641.58549
Netherlands,2022,64393.24392
Norway,1950,13225.64428
Norway,1951,13812.12147
Norway,1952,14162.02547
Norway,1953,14579.21361
Norway,1954,15164.58981
Norway,1955,15349.41379
Norway,1956,16016.31507
Norway,1957,16348.38718
Norway,1958,16204.277
Norway,1959,16745.41498
Norway,1960,17547.41415
Norway,1961,18499.69962
Norway,1962,18868.44691
Norway,1963,19442.46379
Norway,1964,20256.65974
Norway,1965,21167.29631
Norway,1966,21789.49772
Norway,1967,22952.71239
Norway,1968,23265.58994
Norway,1969,24113.51125
Norway,1970,24425.14845
Norway,1971,25509.50744
Norway,1972,26604.49524
Norway,1973,27584.95521
Norway,1974,28563.63348
Norway,1975,29891.47877
Norway,1976,31484.76027
Norway,1977,32656.44334
Norway,1978,33790.7978
Norway,1979,35148.37955
Norway,1980,36634.90957
Norway,1981,37092.58806
Norway,1982,37043.58394
Norway,1983,38387.95683
Norway,1984,40596.6634
Norway,1985,42723.96357
Norway,1986,44299.728
Norway,1987,44865.95438
Norway,1988,44511.27612
Norway,1989,44788.12792
Norway,1990,45482.8899
Norway,1991,46654.89107
Norway,1992,48051.93333
Norway,1993,49121.18471
Norway,1994,51307.00414
Norway,1995,53169.35374
Norway,1996,55562.25644
Norway,1997,58179.77502
Norway,1998,59356.31654
Norway,1999,60130.39597
Norway,2000,61656.8347
Norway,2001,62615.40911
Norway,2002,63185.0453
Norway,2003,63382.9826
Norway,2004,65511.44409
Norway,2005,66780.5676
Norway,2006,67825.67515
Norway,2007,69144.50573
Norway,2008,68614.19125
Norway,2009,66577.44344
Norway,2010,66221.90376
Norway,2011,66007.74658
Norway,2012,66900.5413
Norway,2013,66780.70135
Norway,2014,67340.3859
Norway,2015,67963.85392
Norway,2016,68088.64354
Norway,2017,69129.23046
Norway,2018,69442.08941
Norway,2019,69489.05243
Norway,2020,68593.08509
Norway,2021,70901.50828
Norway,2022,73136.89007
Portugal,1950,4973.174089
Portugal,1951,5166.859954
Portugal,1952,5151.874471
Portugal,1953,5477.413902
Portugal,1954,5704.910014
Portugal,1955,5898.83214
Portugal,1956,6111.740148
Portugal,1957,6337.709445
Portugal,1958,6369.75155
Portugal,1959,6659.916622
Portugal,1960,7045.555279
Portugal,1961,7434.920535
Portugal,1962,7938.491145
Portugal,1963,8352.446327
Portugal,1964,8863.183054
Portugal,1965,9516.31357
Portugal,1966,9925.334917
Portugal,1967,10681.33166
Portugal,1968,11616.20372
Portugal,1969,11886.07711
Portugal,1970,13045.25095
Portugal,1971,13993.65389
Portugal,1972,15148.83981
Portugal,1973,16835.39175
Portugal,1974,16798.93506
Portugal,1975,15534.46519
Portugal,1976,16242.37881
Portugal,1977,17080.15193
Portugal,1978,17495.67604
Portugal,1979,18433.17515
Portugal,1980,19174.32701
Portugal,1981,19341.67923
Portugal,1982,19735.33591
Portugal,1983,19675.87632
Portugal,1984,19280.55295
Portugal,1985,19798.23457
Portugal,1986,20596.77674
Portugal,1987,21893.70237
Portugal,1988,23520.82755
Portugal,1989,24722.57688
Portugal,1990,25805.90013
Portugal,1991,26685.45573
Portugal,1992,27496.67345
Portugal,1993,27197.77129
Portugal,1994,27437.9833
Portugal,1995,27965.40683
Portugal,1996,28836.95458
Portugal,1997,29971.71574
Portugal,1998,31254.45354
Portugal,1999,32292.35662
Portugal,2000,33289.79668
Portugal,2001,33698.42613
Portugal,2002,33772.77142
Portugal,2003,33333.09783
Portugal,2004,33848.11786
Portugal,2005,34049.74743
Portugal,2006,34540.59576
Portugal,2007,35336.85451
Portugal,2008,35398.62656
Portugal,2009,34261.00747
Portugal,2010,34840.19566
Portugal,2011,34299.51973
Portugal,2012,33041.84546
Portugal,2013,32916.98704
Portugal,2014,33357.01808
Portugal,2015,34095.75959
Portugal,2016,34894.12507
Portugal,2017,36206.0122
Portugal,2018,37297.38653
Portugal,2019,38288.66541
Portugal,2020,35019.39294
Portugal,2021,36746.97246
Portugal,2022,38522.41014
Spain,1950,5319.206899
Spain,1951,5799.186935
Spain,1952,6217.093145
Spain,1953,6142.135605
Spain,1954,6550.297528
Spain,1955,6751.340259
Spain,1956,7236.248737
Spain,1957,7402.072146
Spain,1958,7654.068822
Spain,1959,7412.609827
Spain,1960,7464.121157
Spain,1961,8349.589169
Spain,1962,9232.873495
Spain,1963,10087.85513
Spain,1964,10971.31488
Spain,1965,11572.2508
Spain,1966,12295.22092
Spain,1967,12961.90928
Spain,1968,13579.2845
Spain,1969,14657.88321
Spain,1970,15355.5192
Spain,1971,16082.91096
Spain,1972,17251.30633
Spain,1973,18617.09086
Spain,1974,19803.15427
Spain,1975,20281.54575
Spain,1976,20896.25714
Spain,1977,21464.37824
Spain,1978,21925.91748
Spain,1979,22035.4887
Spain,1980,22362.13421
Spain,1981,22321.31702
Spain,1982,22582.03217
Spain,1983,23031.09757
Spain,1984,23257.50712
Spain,1985,23623.93991
Spain,1986,24295.16938
Spain,1987,25563.76641
Spain,1988,26841.81196
Spain,1989,28143.27558
Spain,1990,29293.23199
Spain,1991,29954.05
Spain,1992,30163.13405
Spain,1993,29787.83699
Spain,1994,30443.76687
Spain,1995,31910.53903
Spain,1996,32623.71402
Spain,1997,33691.64365
Spain,1998,35028.20622
Spain,1999,36460.0701
Spain,2000,38197.98047
Spain,2001,39494.16101
Spain,2002,39928.78858
Spain,2003,40366.43187
Spain,2004,40983.11204
Spain,2005,41698.15316
Spain,2006,42725.9759
Spain,2007,43409.39521
Spain,2008,43082.9023
Spain,2009,41117.88241
Spain,2010,41012.49153
Spain,2011,40527.24134
Spain,2012,39302.51541
Spain,2013,38882.33737
Spain,2014,39537.63765
Spain,2015,41093.75435
Spain,2016,42303.22477
Spain,2017,43483.47146
Spain,2018,44292.20987
Spain,2019,44854.34207
Spain,2020,39790.02562
Spain,2021,41847.87217
Spain,2022,43560.743
Sweden,1950,14502.26745
Sweden,1951,14952.25141
Sweden,1952,14941.47194
Sweden,1953,15089.11986
Sweden,1954,15723.32694
Sweden,1955,16021.11836
Sweden,1956,16501.05712
Sweden,1957,16919.0147
Sweden,1958,17235.836
Sweden,1959,17902.3173
Sweden,1960,18836.31213
Sweden,1961,19789.67667
Sweden,1962,20571.64491
Sweden,1963,21469.50931
Sweden,1964,22748.31942
Sweden,1965,23663.27349
Sweden,1966,24158.18392
Sweden,1967,24901.67806
Sweden,1968,25786.4882
Sweden,1969,26866.30922
Sweden,1970,27875.19854
Sweden,1971,28338.02712
Sweden,1972,28993.67287
Sweden,1973,30032.64184
Sweden,1974,31033.26305
Sweden,1975,31226.11177
Sweden,1976,31761.67687
Sweden,1977,31193.93743
Sweden,1978,31061.02115
Sweden,1979,31984.49747
Sweden,1980,32170.93286
Sweden,1981,31941.71206
Sweden,1982,32299.54633
Sweden,1983,32858.67938
Sweden,1984,33859.18091
Sweden,1985,34384.02757
Sweden,1986,35226.16386
Sweden,1987,36217.94871
Sweden,1988,37059.99552
Sweden,1989,37942.65614
Sweden,1990,38094.88254
Sweden,1991,37365.95518
Sweden,1992,36718.03825
Sweden,1993,35752.843
Sweden,1994,36896.17978
Sweden,1995,38147.70343
Sweden,1996,38688.42928
Sweden,1997,39853.37805
Sweden,1998,41548.77595
Sweden,1999,43279.6893
Sweden,2000,45269.97849
Sweden,2001,45802.78093
Sweden,2002,46656.9353
Sweden,2003,47557.71277
Sweden,2004,49425.46016
Sweden,2005,50635.18666
Sweden,2006,52699.12494
Sweden,2007,54108.75083
Sweden,2008,53447.22439
Sweden,2009,50693.89577
Sweden,2010,53255.35712
Sweden,2011,54543.52191
Sweden,2012,53822.77967
Sweden,2013,54002.56897
Sweden,2014,54890.67966
Sweden,2015,56751.43086
Sweden,2016,57203.25053
Sweden,2017,57886.98978
Sweden,2018,58334.24614
Sweden,2019,58892.79218
Sweden,2020,56747.30841
Sweden,2021,59105.25255
Sweden,2022,60626.71339
Switzerland,1950,25364.19235
Switzerland,1951,27100.47077
Switzerland,1952,26949.27175
Switzerland,1953,27537.473
Switzerland,1954,28787.7395
Switzerland,1955,30410.24827
Switzerland,1956,32011.46124
Switzerland,1957,32756.89435
Switzerland,1958,31613.35352
Switzerland,1959,33217.80838
Switzerland,1960,34859.3862
Switzerland,1961,36655.87441
Switzerland,1962,37368.9678
Switzerland,1963,38367.93503
Switzerland,1964,39711.95146
Switzerland,1965,40587.46611
Switzerland,1966,41213.47798
Switzerland,1967,42005.63916
Switzerland,1968,43022.55217
Switzerland,1969,44861.49217
Switzerland,1970,47303.72829
Switzerland,1971,48639.73931
Switzerland,1972,49740.52629
Switzerland,1973,50941.54457
Switzerland,1974,51531.53513
Switzerland,1975,48200.33635
Switzerland,1976,48050.06073
Switzerland,1977,49351.2687
Switzerland,1978,49426.52445
Switzerland,1979,50512.38452
Switzerland,1980,52552.19967
Switzerland,1981,53059.51356
Switzerland,1982,52019.23852
Switzerland,1983,52086.37913
Switzerland,1984,53418.28095
Switzerland,1985,55093.05454
Switzerland,1986,55782.002
Switzerland,1987,56268.04693
Switzerland,1988,57642.73098
Switzerland,1989,59609.71117
Switzerland,1990,61140.49657
Switzerland,1991,59866.9689
Switzerland,1992,59195.12867
Switzerland,1993,58589.85292
Switzerland,1994,58859.13971
Switzerland,1995,58785.3557
Switzerland,1996,58808.74215
Switzerland,1997,59967.63818
Switzerland,1998,61600.79755
Switzerland,1999,62346.03977
Switzerland,2000,64487.04032
Switzerland,2001,65180.67986
Switzerland,2002,64714.58576
Switzerland,2003,64216.50431
Switzerland,2004,65589.83714
Switzerland,2005,67082.65785
Switzerland,2006,69343.16804
Switzerland,2007,71473.9756
Switzerland,2008,72581.65841
Switzerland,2009,70276.55158
Switzerland,2010,72030.20036
Switzerland,2011,72721.72291
Switzerland,2012,72829.4691
Switzerland,2013,73308.31762
Switzerland,2014,74191.32904
Switzerland,2015,74567.53646
Switzerland,2016,75266.17108
Switzerland,2017,75748.85762
Switzerland,2018,77386.21815
Switzerland,2019,77766.6606
Switzerland,2020,75353.20619
Switzerland,2021,77626.44366
Switzerland,2022,79038.10375
United Kingdom,1950,12662.05492
United Kingdom,1951,13088.14845
United Kingdom,1952,13247.59577
United Kingdom,1953,13938.80331
United Kingdom,1954,14495.93048
United Kingdom,1955,15023.79024
United Kingdom,1956,15206.3401
United Kingdom,1957,15432.8079
United Kingdom,1958,15572.76014
United Kingdom,1959,16142.89422
United Kingdom,1960,17027.08331
United Kingdom,1961,17337.75741
United Kingdom,1962,17364.80163
United Kingdom,1963,18091.22524
United Kingdom,1964,18993.35697
United Kingdom,1965,19266.36304
United Kingdom,1966,19459.93232
United Kingdom,1967,19882.59314
United Kingdom,1968,20869.59163
United Kingdom,1969,21174.88703
United Kingdom,1970,21678.42024
United Kingdom,1971,22349.50946
United Kingdom,1972,23237.82351
United Kingdom,1973,24690.00255
United Kingdom,1974,24065.44859
United Kingdom,1975,23706.88239
United Kingdom,1976,24425.00316
United Kingdom,1977,25032.00478
United Kingdom,1978,26082.82633
United Kingdom,1979,27024.24403
United Kingdom,1980,26427.4244
United Kingdom,1981,26212.33626
United Kingdom,1982,26749.26476
United Kingdom,1983,27851.03023
United Kingdom,1984,28434.96184
United Kingdom,1985,29525.29214
United Kingdom,1986,30362.32546
United Kingdom,1987,31896.47277
United Kingdom,1988,33578.32823
United Kingdom,1989,34300.2143
United Kingdom,1990,34416.22912
United Kingdom,1991,33911.69864
United Kingdom,1992,33922.28198
United Kingdom,1993,34665.62806
United Kingdom,1994,35877.94865
United Kingdom,1995,36640.31878
United Kingdom,1996,37440.34801
United Kingdom,1997,39177.32497
United Kingdom,1998,40301.6978
United Kingdom,1999,41358.9393
United Kingdom,2000,42730.70609
United Kingdom,2001,43448.87542
United Kingdom,2002,44182.29434
United Kingdom,2003,45314.11471
United Kingdom,2004,46139.38861
United Kingdom,2005,46973.13383
United Kingdom,2006,47858.99919
United Kingdom,2007,48552.43587
United Kingdom,2008,48040.4429
United Kingdom,2009,45677.12753
United Kingdom,2010,46279.79105
United Kingdom,2011,46564.82422
United Kingdom,2012,46937.76555
United Kingdom,2013,47525.74052
United Kingdom,2014,48575.26658
United Kingdom,2015,49456.43936
United Kingdom,2016,50161.38731
United Kingdom,2017,50927.95554
United Kingdom,2018,51460.16415
United Kingdom,2019,52037.78642
United Kingdom,2020,47013.78189
United Kingdom,2021,50215.31124
United Kingdom,2022,51899.24097
